{"name": "FITNESS", "target": 3, "parameters": {"population_size": 250, "tournament_size": 2, "crossover_points": 5, "mutation_probability": 0.35, "max_sigma": 2.0, "learning_rate": 0.23394022657643965, "novelty_threshold": 0.0, "linearblend": 1.0, "linearblend_delta": 0.0, "nearestNeighbours": 2}, "repetitions": 40, "output": [9.996293785002528, 8.045228266732787, 9.173243076157751, 9.99968839727366, 9.882756709045143, 6.281569217275097, 9.985628274314399, 9.97449039196061, 9.360049963369159, 9.5357197549979, 9.96413202930946, 9.929379288800135, 9.839474878884836, 9.999050879908701, 8.758774503207166, 9.97963555351123, 9.999825530929078, 9.966120926439254, 7.739520073144116, 9.890951209973831, 7.553838195794301, 9.999977973035625, 9.201603552921844, 9.989181938399629, 9.394237190251038, 9.998280549869307, 9.429319199897332, 9.98741377362013, 9.98734231898663, 9.942075486883207, 9.674712910769367, 9.924389517853495, 7.134879574635196, 9.785100614867803, 9.904191349782876, 9.804985581778848, 9.925845474035379, 9.980882411955937, 9.855013131750201, 9.832936903499666]}