{"name": "FITNESS", "target": 2, "parameters": {"population_size": 61, "tournament_size": 2, "crossover_points": 1, "mutation_probability": 0.35, "max_sigma": 1.9577947733927608, "learning_rate": 0.04088779291206453, "novelty_threshold": 0.0, "linearblend": 1.0, "linearblend_delta": 0.0, "nearestNeighbours": 5}, "repetitions": 40, "output": [0.06430380864503091, 0.19571797152641512, 7.764145763678748, 0.18803242090426558, 0.04966505642320839, 9.058926450514388, 8.793421115478642, 8.25622195842031, 0.0968362033360311, 0.0799629235795361, 0.47953775789021685, 0.036644293672277096, 9.877573377740836, 0.03855532690018474, 7.750050367183326, 9.927165754191815, 9.184119541952251, 9.764868927624656, 9.920477846265655, 9.13676930124455, 0.09689928557886351, 7.682353296176902, 9.023630979873186, 0.3415897535431115, 0.16582816990777055, 9.764331677406652, 9.534830573383793, 0.11227684560959311, 9.59100107349405, 0.0918157740748265, 0.045326709147044064, 0.2118956174042708, 0.10749184680736865, 0.14732619205566053, 0.1593199649670872, 6.584159338614807, 9.111592440725286, 3.3837457409310003, 9.162968134537753, 2.4195792217189647]}