{"name": "FITNESS", "target": 1, "parameters": {"population_size": 98, "tournament_size": 3, "crossover_points": 4, "mutation_probability": 0.35, "max_sigma": 1.7874596076741391, "learning_rate": 0.5703412535711101, "novelty_threshold": 0.0, "linearblend": 1.0, "linearblend_delta": 0.0, "nearestNeighbours": 3}, "repetitions": 40, "output": [9.999990663995982, 9.999999773038766, 9.999999815514117, 9.999996239134797, 9.999999615945207, 9.99996995080802, 9.999997958375564, 9.999869506433372, 9.999984238978765, 9.999808237891344, 9.99988933698236, 9.999999853182649, 9.999937897872929, 9.999979747017077, 9.999975093065622, 9.999988390835467, 9.999901138669358, 9.999643448155599, 9.999965507989309, 9.999943564405516, 9.999999954402046, 9.999999432380278, 9.9999980445252, 9.999980606466202, 9.99999827777277, 9.999980886708917, 9.99995144959602, 9.999995241179336, 9.999991162411725, 9.999999749282804, 9.999990304969629, 9.999974929696688, 9.999996923905103, 9.999948409819075, 9.999998353605386, 9.999900971627332, 9.999853601964073, 9.999991570755128, 9.999774846098454, 9.999994739095921]}