{"name": "LBDynamic", "target": 1, "parameters": {"population_size": 169, "tournament_size": 5, "crossover_points": 3, "mutation_probability": 0.29233480723678307, "max_sigma": 1.807542949815672, "learning_rate": 0.5565380742538252, "novelty_threshold": 7.451620520882721, "linearblend": 0.8762115275825056, "linearblend_delta": 0.015482322168884254, "nearestNeighbours": 5}, "repetitions": 40, "output": [9.999999959693223, 9.9999821493867, 9.999919744557843, 9.999657036806118, 9.996842455174292, 9.999989749242342, 9.999953564723983, 9.999996525391156, 9.999971533642523, 9.999998825158627, 9.999997781776331, 9.9999499109128, 9.99997420700223, 9.999811470439877, 9.999814648677699, 9.999999955028741, 9.999992671599946, 9.99993664176424, 9.99994189972581, 9.999822808784922, 9.999976110070527, 9.999999944763665, 9.99996927306624, 9.999994796860035, 9.999827854207648, 9.99999865697528, 9.999962062281156, 9.999999870555271, 9.999593859573359, 9.999999446909724, 9.999702179895786, 9.999967808324186, 9.999999701854081, 9.999977389498039, 9.999982804234296, 9.99999999918829, 9.999968876949001, 9.99993955825197, 9.999991309834023, 9.999965788527764]}