{"name": "LBDynamic", "target": 3, "parameters": {"population_size": 250, "tournament_size": 2, "crossover_points": 5, "mutation_probability": 0.2781314972292621, "max_sigma": 1.0, "learning_rate": 0.0, "novelty_threshold": 8.14026771621915, "linearblend": 0.9, "linearblend_delta": 0.1, "nearestNeighbours": 2}, "repetitions": 40, "output": [9.543405544650122, 9.880548255563275, 9.687632013274266, 8.323519941234077, 9.878434812755337, 9.550885282862708, 9.778107530301376, 9.470526589117915, 9.623474844281988, 9.26479830170447, 9.555138959784808, 9.936459636635034, 8.9684963055528, 8.684486603296964, 9.815301592218207, 9.278339052937687, 9.894442057049941, 7.191689402220346, 9.299854804097075, 9.506557828563379, 9.726979078355276, 9.835370359016375, 6.147698301492665, 9.747564390156082, 9.947794365585311, 9.221753467523742, 7.372774063617164, 9.844894138973173, 9.756679448208072, 9.671335417947665, 9.70600801035745, 9.668598680886745, 9.674600179494414, 9.395440629134253, 8.636244440511993, 9.66376933080284, 8.901914871489886, 9.886437550709067, 9.88749244069776, 9.800715212589289]}