{"name": "LBStatic", "target": 2, "parameters": {"population_size": 173, "tournament_size": 6, "crossover_points": 1, "mutation_probability": 0.34245226693668723, "max_sigma": 1.6531400357979378, "learning_rate": 0.17090958513604518, "novelty_threshold": 3.5815216696952508, "linearblend": 0.7506861412184564, "linearblend_delta": 0, "nearestNeighbours": 3}, "repetitions": 40, "output": [0.4577503104552354, 0.581399608400308, 0.2781732639763638, 1.3762922803511979, 1.1033035722163027, 1.8194044361339936, 2.052458817635502, 2.0378785531334773, 0.2824282024767083, 0.5055314340567847, 0.2482388916382586, 4.9625573769533355, 2.596048183198068, 1.0817201718195026, 1.8131876627253103, 1.1607015912012921, 1.6755035840005672, 1.3442922028330941, 0.9150002746396306, 0.0015663693001773215, 1.0612813297931736, 3.7828136708942717, 3.2617905615493967, 0.6224468121260015, 0.7142006508241865, 0.6143608707684977, 3.4727931894849258, 1.8455231711226183, 3.422279721729586, 0.3602617739120939, 0.8800079772883095, 1.052539159396307, 1.9991989583242709, 1.8057850225104655, 4.171191991105482, 3.9820910334604642, 0.9999814962489734, 0.3701855087890291, 2.1620011647501776, 0.45937306538728384]}