{"name": "LBStatic", "target": 3, "parameters": {"population_size": 250, "tournament_size": 2, "crossover_points": 5, "mutation_probability": 0.35, "max_sigma": 1.0, "learning_rate": 0.0, "novelty_threshold": 0.0, "linearblend": 1.0, "linearblend_delta": 0.0, "nearestNeighbours": 2}, "repetitions": 40, "output": [9.718095554225872, 9.202029881763655, 9.89576446531593, 9.438792755835323, 9.583123109800681, 9.936623420568925, 8.858673568554694, 9.019369044847036, 9.32175578185431, 7.929108312985221, 9.280595935285017, 9.894374818136013, 9.113779835759303, 9.361049062784923, 9.255190063296467, 7.827803910467765, 9.274311703169953, 9.118927430485487, 9.680891299324546, 9.443844966156336, 9.88554258893449, 9.558944483949512, 9.77233486583203, 9.081749085474424, 9.440155375586118, 9.538450012714408, 9.519448259314274, 8.625739164627129, 9.43120670831544, 9.446943163701043, 9.651500858928689, 9.423681188029905, 9.563989895746673, 9.152195349584968, 9.360056072583355, 9.743445539689073, 9.592881902942137, 9.11038656905238, 9.863212633757467, 9.812143465894504]}