{"name": "LBStatic", "target": 1, "parameters": {"population_size": 59, "tournament_size": 5, "crossover_points": 2, "mutation_probability": 0.23978783581961538, "max_sigma": 1.9194557482895407, "learning_rate": 0.33451117058371205, "novelty_threshold": 8.0600697768632, "linearblend": 1.0, "linearblend_delta": 0.0, "nearestNeighbours": 4}, "repetitions": 40, "output": [9.99998427986511, 9.999837057049506, 9.99999924942249, 9.99999267821998, 9.999999982510476, 9.99997254413759, 9.999999920649882, 9.999982904228482, 9.999904224320643, 9.999993631203733, 9.999942064009153, 9.999999994764664, 9.999957516383558, 9.999898952148394, 9.99994742933931, 9.999985020123821, 9.999999999610587, 9.999947085603207, 9.999999549340936, 9.999999891861403, 9.999999199400024, 9.999853335566346, 9.999996883972294, 9.999981414701196, 9.99983136757972, 9.999970575925518, 9.99999718321593, 9.999995766075378, 9.999989113741236, 9.999999398107725, 9.99989896506418, 9.999977189141877, 9.99999993092192, 9.99999997538578, 9.999924045726129, 9.998742078883017, 9.999968571481174, 9.999746925388767, 9.999997172906326, 9.99999976036301]}