{"name": "NOVELTY", "target": 3, "parameters": {"population_size": 250, "tournament_size": 2, "crossover_points": 5, "mutation_probability": 0.35, "max_sigma": 2.0, "learning_rate": 0.19145968897006707, "novelty_threshold": 10.0, "linearblend": 0.0, "linearblend_delta": 0.0, "nearestNeighbours": 6}, "repetitions": 40, "output": [0.014914136647816349, 0.0042070252692834875, 0.009307293702220837, 0.009364060378910627, 0.01894606127778891, 0.0028230993542042917, 0.002824402776275313, 0.0012099452810031446, 0.001050361714322677, 0.020852779838527912, 0.009827862149641377, 0.00997813681362175, 0.018402957845575933, 0.019957158566354587, 0.016557085049949242, 0.009784624810773274, 0.02004176435557866, 0.05344267141155917, 0.012983887337217958, 0.0017268177204784207, 7.45902580160567, 0.008400097531759252, 0.00942092591286951, 0.002652878355771532, 0.00763937651874412, 0.007463700010433426, 2.5041496164554484, 0.03150970520076247, 0.024818165320991962, 0.002856901333248317, 0.028590665132266945, 0.014438192342762926, 3.8217868320520645, 0.0316976343250395, 0.023832571806842756, 0.020630372981173394, 0.04217345389573453, 0.0018721873913133662, 0.0041914306479461086, 0.033822531961716196]}