{"name": "NOVELTY", "target": 1, "parameters": {"population_size": 240, "tournament_size": 6, "crossover_points": 5, "mutation_probability": 0.31234301570787004, "max_sigma": 1.9101334595175108, "learning_rate": 0.09937918927034375, "novelty_threshold": 2.2086178745567757, "linearblend": 0.0, "linearblend_delta": 0.0, "nearestNeighbours": 3}, "repetitions": 40, "output": [6.106960939937748, 0.13320355974250045, 1.2027768107292898, 1.1245193188656497, 2.5872226539234737, 6.350859898860321, 8.028352647514023, 6.043816788562071, 1.1167723916039556, 1.7343304447722048, 0.039646756798525376, 1.2298031904643736, 2.9953483384404054, 1.0617420415217946, 3.467284311332402, 4.360828383716514, 5.870750683032438, 7.965470142936359, 4.194469349253152, 2.8661206696508588, 1.1871250725801217, 8.31474840828455, 5.522898327087299, 3.865994960239695, 5.205381989965846, 2.9023010585623266, 7.29416708311118, 1.2815867921290316, 7.242027752430217, 3.2007026944156545, 2.4513307281299976, 3.424575693614375, 5.018511414153819, 2.0970197446024113, 9.74253217569794, 4.53801718414982, 6.078529111840295, 2.456899654643264, 1.9680474164968573, 2.561564974838526]}